/* INSERT data into student table */

Insert into STUDENT (STUDID,STUDFNAME,STUDLNAME,STUDDOB,STUDADDRESS,STUDPHONE,STUDEMAIL) values (11111111,'Mary','Smith',to_date('01/JAN/95','DD/MON/RR'),'20/1 Princess Highway, Potchefstroom East, North-West , 3145','411111222','msmith@nwu.ac.za.edu');
Insert into STUDENT (STUDID,STUDFNAME,STUDLNAME,STUDDOB,STUDADDRESS,STUDPHONE,STUDEMAIL) values (11111112,'Matthew','Long',to_date('01/FEB/97','DD/MON/RR'),'20/1 Princess Highway, Potchefstroom East, North-West , 3145','411111333','mlong@nwu.ac.za');
Insert into STUDENT (STUDID,STUDFNAME,STUDLNAME,STUDDOB,STUDADDRESS,STUDPHONE,STUDEMAIL) values (11111113,'Andy','Lee',to_date('01/MAR/95','DD/MON/RR'),'1 King Road, Potchefstroom South, North-West , 3166','411111444','alees@nwu.ac.za');
Insert into STUDENT (STUDID,STUDFNAME,STUDLNAME,STUDDOB,STUDADDRESS,STUDPHONE,STUDEMAIL) values (11111114,'Rani','Dewa',to_date('01/APR/96','DD/MON/RR'),'12/1 Princess Highway, Potchefstroom East, North-West , 3145','411111555','rdewa@nwu.ac.za');
Insert into STUDENT (STUDID,STUDFNAME,STUDLNAME,STUDDOB,STUDADDRESS,STUDPHONE,STUDEMAIL) values (11111115,'David','Dumbledore',to_date('02/JAN/96','DD/MON/RR'),'1 Queen Avenue, Potchefstroom East, North-West , 3145','411111666','dsmith@nwu.ac.za');
Insert into STUDENT (STUDID,STUDFNAME,STUDLNAME,STUDDOB,STUDADDRESS,STUDPHONE,STUDEMAIL) values (11111116,'John','Chung',to_date('03/DEC/96','DD/MON/RR'),'12/1 Princess Highway, Potchefstroom East, North-West , 3145','411111777','jchung@nwu.ac.za');
Insert into STUDENT (STUDID,STUDFNAME,STUDLNAME,STUDDOB,STUDADDRESS,STUDPHONE,STUDEMAIL) values (11111117,'Jake','Ryan',to_date('01/JAN/90','DD/MON/RR'),'11 Derby Crescent, Potchefstroom East, North-West , 3145','411111888','jryan@nwu.ac.za');
Insert into STUDENT (STUDID,STUDFNAME,STUDLNAME,STUDDOB,STUDADDRESS,STUDPHONE,STUDEMAIL) values (11111118,'Theo','Gupta',to_date('12/JUL/92','DD/MON/RR'),'12 Princess Highway, Potchefstroom East, North-West , 3145','411111999','tgupta@nwu.ac.za');
Insert into STUDENT (STUDID,STUDFNAME,STUDLNAME,STUDDOB,STUDADDRESS,STUDPHONE,STUDEMAIL) values (11111119,'Samuel','Nguyen',to_date('15/SEP/96','DD/MON/RR'),'56 Queen Avenue, Potchefstroom East, North-West , 3145','411112222','snguyen@nwu.ac.za');
Insert into STUDENT (STUDID,STUDFNAME,STUDLNAME,STUDDOB,STUDADDRESS,STUDPHONE,STUDEMAIL) values (11111120,'James','Dowe',to_date('01/JAN/96','DD/MON/RR'),'100 Princess Highway, Potchefstroom East, North-West , 3145','411112333','jdowes@nwu.ac.za');
Insert into STUDENT (STUDID,STUDFNAME,STUDLNAME,STUDDOB,STUDADDRESS,STUDPHONE,STUDEMAIL) values (11111121,'Mary','Chan',to_date('01/JAN/91','DD/MON/RR'),'20/1 Princess Highway, Potchefstroom East, North-West , 3145','411111222','msmith@nwu.ac.za');
Insert into STUDENT (STUDID,STUDFNAME,STUDLNAME,STUDDOB,STUDADDRESS,STUDPHONE,STUDEMAIL) values (11111122,'Andrew','Short',to_date('01/FEB/90','DD/MON/RR'),'20/1 Princess Highway, Potchefstroom East, North-West , 3145','411111333','mlong@nwu.ac.za');
Insert into STUDENT (STUDID,STUDFNAME,STUDLNAME,STUDDOB,STUDADDRESS,STUDPHONE,STUDEMAIL) values (11111123,'Tay','Lee',to_date('01/MAR/88','DD/MON/RR'),'1 King Road, Potchefstroom South, North-West , 3166','411111444','alees@nwu.ac.za');
Insert into STUDENT (STUDID,STUDFNAME,STUDLNAME,STUDDOB,STUDADDRESS,STUDPHONE,STUDEMAIL) values (11111124,'Dani','Solo',to_date('01/APR/91','DD/MON/RR'),'12/1 Princess Highway, Potchefstroom East, North-West , 3145','411111555','rdewa@nwu.ac.za');
Insert into STUDENT (STUDID,STUDFNAME,STUDLNAME,STUDDOB,STUDADDRESS,STUDPHONE,STUDEMAIL) values (11111125,'David','Smith',to_date('02/JAN/90','DD/MON/RR'),'1 Queen Avenue, Potchefstroom East, North-West , 3145','411111666','dsmith@nwu.ac.za');
Insert into STUDENT (STUDID,STUDFNAME,STUDLNAME,STUDDOB,STUDADDRESS,STUDPHONE,STUDEMAIL) values (11111126,'John','Tse',to_date('03/DEC/88','DD/MON/RR'),'12/1 Princess Highway, Potchefstroom East, North-West , 3145','411111777','jchung@nwu.ac.za');
Insert into STUDENT (STUDID,STUDFNAME,STUDLNAME,STUDDOB,STUDADDRESS,STUDPHONE,STUDEMAIL) values (11111127,'Jake','Brown',to_date('01/JAN/90','DD/MON/RR'),'11 Derby Crescent, Potchefstroom East, North-West , 3145','411111888','jryan@nwu.ac.za');
Insert into STUDENT (STUDID,STUDFNAME,STUDLNAME,STUDDOB,STUDADDRESS,STUDPHONE,STUDEMAIL) values (11111128,'Gary','Gupta',to_date('12/JUL/92','DD/MON/RR'),'12 Princess Highway, Potchefstroom East, North-West , 3145','411111999','tgupta@nwu.ac.za');
Insert into STUDENT (STUDID,STUDFNAME,STUDLNAME,STUDDOB,STUDADDRESS,STUDPHONE,STUDEMAIL) values (11111129,'Ruth','Nguyen',to_date('15/SEP/91','DD/MON/RR'),'56 Queen Avenue, Potchefstroom East, North-West , 3145','411112222','snguyen@nwu.ac.za');
Insert into STUDENT (STUDID,STUDFNAME,STUDLNAME,STUDDOB,STUDADDRESS,STUDPHONE,STUDEMAIL) values (11111130,'Blake','White',to_date('01/JAN/92','DD/MON/RR'),'100 Princess Highway, Potchefstroom East, North-West , 3145','411112333','jdowes@nwu.ac.za');


/* INSERT data into unit table */

Insert into UNIT (UNITCODE,UNITNAME,UNITDESC) values ('CMPG321','Introduction to Data Management','Introduction to relational model and relational DBMS');
Insert into UNIT (UNITCODE,UNITNAME,UNITDESC) values ('CMPG333','Advanced Data Management','Advanced relational database concept and XML');
Insert into UNIT (UNITCODE,UNITNAME,UNITDESC) values ('CMPG5132','Introduction to Databases','Introduction to relational model and relational DBMS');
Insert into UNIT (UNITCODE,UNITNAME,UNITDESC) values ('CMPG441','Programming Foundations','Introduction to programming concept and algorithms');
Insert into UNIT (UNITCODE,UNITNAME,UNITDESC) values ('CMPG442','Software Enginnering','Software modeling and testing');
Insert into UNIT (UNITCODE,UNITNAME,UNITDESC) values ('CMPG311','Programming Fundamental','Introduction to programming');

/* INSERT data into staff table */

Insert into STAFF (STAFFID,STAFFFNAME,STAFFLNAME,STAFFDOB,STAFFADDRESS,STAFFPHONE,STAFFEMAIL) values (1,'Albus','Dumbledore',to_date('01/JAN/50','DD/MON/RR'),'Hogwart Castle, Malvern East, North-West , 3145','422222222','adumbledore@nwu.ac.za');
Insert into STAFF (STAFFID,STAFFFNAME,STAFFLNAME,STAFFDOB,STAFFADDRESS,STAFFPHONE,STAFFEMAIL) values (2,'Charity','Burbage',to_date('28/FEB/70','DD/MON/RR'),'Hogwart Castle, Malvern East, North-West , 3145','422222233','cburbage@nwu.ac.za');
Insert into STAFF (STAFFID,STAFFFNAME,STAFFLNAME,STAFFDOB,STAFFADDRESS,STAFFPHONE,STAFFEMAIL) values (3,'Filius','Flitwick',to_date('25/MAR/70','DD/MON/RR'),'Hogwart Castle, Malvern East, North-West , 3145','422222244','fflitwick@nwu.ac.za');
Insert into STAFF (STAFFID,STAFFFNAME,STAFFLNAME,STAFFDOB,STAFFADDRESS,STAFFPHONE,STAFFEMAIL) values (4,'Rubeus','Hagrid',to_date('21/APR/70','DD/MON/RR'),'Hogwart Castle, Malvern East, North-West , 3145','422222255','rhagrid@nwu.ac.za');
Insert into STAFF (STAFFID,STAFFFNAME,STAFFLNAME,STAFFDOB,STAFFADDRESS,STAFFPHONE,STAFFEMAIL) values (5,'Severus','Snape',to_date('11/MAY/70','DD/MON/RR'),'Hogwart Castle, Malvern East, North-West , 3145','422222266','ssnape@nwu.ac.za');
Insert into STAFF (STAFFID,STAFFFNAME,STAFFLNAME,STAFFDOB,STAFFADDRESS,STAFFPHONE,STAFFEMAIL) values (6,'Dolores','Umbridge',to_date('06/JAN/60','DD/MON/RR'),'Hogwart Castle, Malvern East, North-West , 3145','422222277','dumbridge@nwu.ac.za');
Insert into STAFF (STAFFID,STAFFFNAME,STAFFLNAME,STAFFDOB,STAFFADDRESS,STAFFPHONE,STAFFEMAIL) values (7,'Minerva','McGonagall',to_date('07/JAN/60','DD/MON/RR'),'Hogwart Castle, Malvern East, North-West , 3145','422222288','mmcgonagall@nwu.ac.za');

/* INSERT data into offering table */

Insert into OFFERING (UNITCODE,SEMESTER,OFYEAR,CHIEFEXAM) values ('CMPG321',1,to_date('01/JAN/13','DD/MON/RR'),1);
Insert into OFFERING (UNITCODE,SEMESTER,OFYEAR,CHIEFEXAM) values ('CMPG321',2,to_date('01/JAN/13','DD/MON/RR'),1);
Insert into OFFERING (UNITCODE,SEMESTER,OFYEAR,CHIEFEXAM) values ('CMPG333',1,to_date('01/JAN/13','DD/MON/RR'),1);
Insert into OFFERING (UNITCODE,SEMESTER,OFYEAR,CHIEFEXAM) values ('CMPG333',2,to_date('01/JAN/13','DD/MON/RR'),1);
Insert into OFFERING (UNITCODE,SEMESTER,OFYEAR,CHIEFEXAM) values ('CMPG5132',1,to_date('01/JAN/13','DD/MON/RR'),7);
Insert into OFFERING (UNITCODE,SEMESTER,OFYEAR,CHIEFEXAM) values ('CMPG5132',3,to_date('01/JAN/13','DD/MON/RR'),7);
Insert into OFFERING (UNITCODE,SEMESTER,OFYEAR,CHIEFEXAM) values ('CMPG441',1,to_date('01/JAN/13','DD/MON/RR'),7);
Insert into OFFERING (UNITCODE,SEMESTER,OFYEAR,CHIEFEXAM) values ('CMPG441',2,to_date('01/JAN/13','DD/MON/RR'),7);
Insert into OFFERING (UNITCODE,SEMESTER,OFYEAR,CHIEFEXAM) values ('CMPG441',1,to_date('01/JAN/14','DD/MON/RR'),7);
Insert into OFFERING (UNITCODE,SEMESTER,OFYEAR,CHIEFEXAM) values ('CMPG441',2,to_date('01/JAN/14','DD/MON/RR'),7);
Insert into OFFERING (UNITCODE,SEMESTER,OFYEAR,CHIEFEXAM) values ('CMPG311',1,to_date('01/JAN/13','DD/MON/RR'),5);
Insert into OFFERING (UNITCODE,SEMESTER,OFYEAR,CHIEFEXAM) values ('CMPG311',2,to_date('01/JAN/13','DD/MON/RR'),5);
Insert into OFFERING (UNITCODE,SEMESTER,OFYEAR,CHIEFEXAM) values ('CMPG311',3,to_date('01/JAN/14','DD/MON/RR'),4);
Insert into OFFERING (UNITCODE,SEMESTER,OFYEAR,CHIEFEXAM) values ('CMPG442',2,to_date('01/JAN/13','DD/MON/RR'),3);


/* INSERT data into scheduled class table */

Insert into SCHEDCLASS (UNITCODE,SEMESTER,OFYEAR,CLASSNO,CLTYPE,CLDAY,CLTIME,CLDURATION,STAFFID) values ('CMPG321',1,to_date('01-Jan-2013 12:00:00 am','dd-Mon-yyyy hh:mi:ss am'),1,'L','Mon  ',to_date('01-Apr-2017 02:00:00 pm','dd-Mon-yyyy hh:mi:ss am'),2,1);
Insert into SCHEDCLASS (UNITCODE,SEMESTER,OFYEAR,CLASSNO,CLTYPE,CLDAY,CLTIME,CLDURATION,STAFFID) values ('CMPG321',1,to_date('01-Jan-2013 12:00:00 am','dd-Mon-yyyy hh:mi:ss am'),2,'T','Mon  ',to_date('01-Apr-2017 04:00:00 pm','dd-Mon-yyyy hh:mi:ss am'),2,2);
Insert into SCHEDCLASS (UNITCODE,SEMESTER,OFYEAR,CLASSNO,CLTYPE,CLDAY,CLTIME,CLDURATION,STAFFID) values ('CMPG321',1,to_date('01-Jan-2013 12:00:00 am','dd-Mon-yyyy hh:mi:ss am'),3,'T','Mon  ',to_date('01-Apr-2017 06:00:00 pm','dd-Mon-yyyy hh:mi:ss am'),2,2);
Insert into SCHEDCLASS (UNITCODE,SEMESTER,OFYEAR,CLASSNO,CLTYPE,CLDAY,CLTIME,CLDURATION,STAFFID) values ('CMPG321',2,to_date('01-Jan-2013 12:00:00 am','dd-Mon-yyyy hh:mi:ss am'),1,'L','Mon  ',to_date('01-Apr-2017 10:00:00 am','dd-Mon-yyyy hh:mi:ss am'),2,1);
Insert into SCHEDCLASS (UNITCODE,SEMESTER,OFYEAR,CLASSNO,CLTYPE,CLDAY,CLTIME,CLDURATION,STAFFID) values ('CMPG321',2,to_date('01-Jan-2013 12:00:00 am','dd-Mon-yyyy hh:mi:ss am'),2,'T','Mon  ',to_date('01-Apr-2017 12:00:00 pm','dd-Mon-yyyy hh:mi:ss am'),2,1);
Insert into SCHEDCLASS (UNITCODE,SEMESTER,OFYEAR,CLASSNO,CLTYPE,CLDAY,CLTIME,CLDURATION,STAFFID) values ('CMPG321',2,to_date('01-Jan-2013 12:00:00 am','dd-Mon-yyyy hh:mi:ss am'),3,'T','Mon  ',to_date('01-Apr-2017 02:00:00 pm','dd-Mon-yyyy hh:mi:ss am'),2,2);
Insert into SCHEDCLASS (UNITCODE,SEMESTER,OFYEAR,CLASSNO,CLTYPE,CLDAY,CLTIME,CLDURATION,STAFFID) values ('CMPG333',1,to_date('01-Jan-2013 12:00:00 am','dd-Mon-yyyy hh:mi:ss am'),1,'L','Tues ',to_date('01-Apr-2017 10:00:00 am','dd-Mon-yyyy hh:mi:ss am'),1,1);
Insert into SCHEDCLASS (UNITCODE,SEMESTER,OFYEAR,CLASSNO,CLTYPE,CLDAY,CLTIME,CLDURATION,STAFFID) values ('CMPG333',1,to_date('01-Jan-2013 12:00:00 am','dd-Mon-yyyy hh:mi:ss am'),2,'T','Tues ',to_date('01-Apr-2017 02:00:00 pm','dd-Mon-yyyy hh:mi:ss am'),3,3);
Insert into SCHEDCLASS (UNITCODE,SEMESTER,OFYEAR,CLASSNO,CLTYPE,CLDAY,CLTIME,CLDURATION,STAFFID) values ('CMPG5132',1,to_date('01-Jan-2013 12:00:00 am','dd-Mon-yyyy hh:mi:ss am'),1,'L','Mon  ',to_date('01-Apr-2017 06:00:00 pm','dd-Mon-yyyy hh:mi:ss am'),2,5);
Insert into SCHEDCLASS (UNITCODE,SEMESTER,OFYEAR,CLASSNO,CLTYPE,CLDAY,CLTIME,CLDURATION,STAFFID) values ('CMPG5132',1,to_date('01-Jan-2013 12:00:00 am','dd-Mon-yyyy hh:mi:ss am'),2,'T','Mon  ',to_date('01-Apr-2017 08:00:00 pm','dd-Mon-yyyy hh:mi:ss am'),2,5);
Insert into SCHEDCLASS (UNITCODE,SEMESTER,OFYEAR,CLASSNO,CLTYPE,CLDAY,CLTIME,CLDURATION,STAFFID) values ('CMPG5132',1,to_date('01-Jan-2013 12:00:00 am','dd-Mon-yyyy hh:mi:ss am'),3,'T','Mon  ',to_date('01-Apr-2017 08:00:00 pm','dd-Mon-yyyy hh:mi:ss am'),2,6);
Insert into SCHEDCLASS (UNITCODE,SEMESTER,OFYEAR,CLASSNO,CLTYPE,CLDAY,CLTIME,CLDURATION,STAFFID) values ('CMPG5132',3,to_date('01-Jan-2013 12:00:00 am','dd-Mon-yyyy hh:mi:ss am'),1,'L','Wed  ',to_date('01-Apr-2017 10:00:00 am','dd-Mon-yyyy hh:mi:ss am'),4,7);
Insert into SCHEDCLASS (UNITCODE,SEMESTER,OFYEAR,CLASSNO,CLTYPE,CLDAY,CLTIME,CLDURATION,STAFFID) values ('CMPG5132',3,to_date('01-Jan-2013 12:00:00 am','dd-Mon-yyyy hh:mi:ss am'),2,'T','Wed  ',to_date('01-Apr-2017 02:00:00 pm','dd-Mon-yyyy hh:mi:ss am'),4,7);
Insert into SCHEDCLASS (UNITCODE,SEMESTER,OFYEAR,CLASSNO,CLTYPE,CLDAY,CLTIME,CLDURATION,STAFFID) values ('CMPG441',1,to_date('01-Jan-2013 12:00:00 am','dd-Mon-yyyy hh:mi:ss am'),1,'L','Thurs',to_date('01-Apr-2017 10:00:00 am','dd-Mon-yyyy hh:mi:ss am'),2,4);
Insert into SCHEDCLASS (UNITCODE,SEMESTER,OFYEAR,CLASSNO,CLTYPE,CLDAY,CLTIME,CLDURATION,STAFFID) values ('CMPG441',1,to_date('01-Jan-2013 12:00:00 am','dd-Mon-yyyy hh:mi:ss am'),2,'T','Thurs',to_date('01-Apr-2017 12:00:00 am','dd-Mon-yyyy hh:mi:ss am'),2,4);
Insert into SCHEDCLASS (UNITCODE,SEMESTER,OFYEAR,CLASSNO,CLTYPE,CLDAY,CLTIME,CLDURATION,STAFFID) values ('CMPG441',1,to_date('01-Jan-2013 12:00:00 am','dd-Mon-yyyy hh:mi:ss am'),3,'T','Fri  ',to_date('01-Apr-2017 10:00:00 am','dd-Mon-yyyy hh:mi:ss am'),2,4);
Insert into SCHEDCLASS (UNITCODE,SEMESTER,OFYEAR,CLASSNO,CLTYPE,CLDAY,CLTIME,CLDURATION,STAFFID) values ('CMPG441',2,to_date('01-Jan-2013 12:00:00 am','dd-Mon-yyyy hh:mi:ss am'),1,'L','Thurs',to_date('01-Apr-2017 10:00:00 am','dd-Mon-yyyy hh:mi:ss am'),2,4);
Insert into SCHEDCLASS (UNITCODE,SEMESTER,OFYEAR,CLASSNO,CLTYPE,CLDAY,CLTIME,CLDURATION,STAFFID) values ('CMPG441',2,to_date('01-Jan-2013 12:00:00 am','dd-Mon-yyyy hh:mi:ss am'),2,'T','Thurs',to_date('01-Apr-2017 02:00:00 pm','dd-Mon-yyyy hh:mi:ss am'),2,4);
Insert into SCHEDCLASS (UNITCODE,SEMESTER,OFYEAR,CLASSNO,CLTYPE,CLDAY,CLTIME,CLDURATION,STAFFID) values ('CMPG311',1,to_date('01-Jan-2013 12:00:00 am','dd-Mon-yyyy hh:mi:ss am'),1,'L','Thurs',to_date('01-Apr-2017 12:00:00 pm','dd-Mon-yyyy hh:mi:ss am'),2,3);
Insert into SCHEDCLASS (UNITCODE,SEMESTER,OFYEAR,CLASSNO,CLTYPE,CLDAY,CLTIME,CLDURATION,STAFFID) values ('CMPG311',1,to_date('01-Jan-2013 12:00:00 am','dd-Mon-yyyy hh:mi:ss am'),2,'T','Thurs',to_date('01-Apr-2017 02:00:00 pm','dd-Mon-yyyy hh:mi:ss am'),2,4);
Insert into SCHEDCLASS (UNITCODE,SEMESTER,OFYEAR,CLASSNO,CLTYPE,CLDAY,CLTIME,CLDURATION,STAFFID) values ('CMPG311',2,to_date('01-Jan-2013 12:00:00 am','dd-Mon-yyyy hh:mi:ss am'),1,'L','Thurs',to_date('01-Apr-2017 10:00:00 am','dd-Mon-yyyy hh:mi:ss am'),2,3);
Insert into SCHEDCLASS (UNITCODE,SEMESTER,OFYEAR,CLASSNO,CLTYPE,CLDAY,CLTIME,CLDURATION,STAFFID) values ('CMPG311',2,to_date('01-Jan-2013 12:00:00 am','dd-Mon-yyyy hh:mi:ss am'),2,'T','Thurs',to_date('01-Apr-2017 02:00:00 pm','dd-Mon-yyyy hh:mi:ss am'),2,4);
Insert into SCHEDCLASS (UNITCODE,SEMESTER,OFYEAR,CLASSNO,CLTYPE,CLDAY,CLTIME,CLDURATION,STAFFID) values ('CMPG311',2,to_date('01-Jan-2013 12:00:00 am','dd-Mon-yyyy hh:mi:ss am'),3,'T','Thurs',to_date('01-Apr-2017 02:00:00 pm','dd-Mon-yyyy hh:mi:ss am'),2,5);
Insert into SCHEDCLASS (UNITCODE,SEMESTER,OFYEAR,CLASSNO,CLTYPE,CLDAY,CLTIME,CLDURATION,STAFFID) values ('CMPG311',2,to_date('01-Jan-2013 12:00:00 am','dd-Mon-yyyy hh:mi:ss am'),4,'T','Thurs',to_date('01-Apr-2017 02:00:00 pm','dd-Mon-yyyy hh:mi:ss am'),2,6);

/* INSERT data into enrolment table */

Insert into ENROLMENT (UNITCODE,SEMESTER,OFYEAR,STUDID,MARK,GRADE) values ('CMPG311',1,to_date('01/JAN/13','DD/MON/RR'),11111111,45,'N ');
Insert into ENROLMENT (UNITCODE,SEMESTER,OFYEAR,STUDID,MARK,GRADE) values ('CMPG321',1,to_date('01/JAN/13','DD/MON/RR'),11111111,65,'C ');
Insert into ENROLMENT (UNITCODE,SEMESTER,OFYEAR,STUDID,MARK,GRADE) values ('CMPG311',1,to_date('01/JAN/13','DD/MON/RR'),11111112,80,'HD');
Insert into ENROLMENT (UNITCODE,SEMESTER,OFYEAR,STUDID,MARK,GRADE) values ('CMPG321',1,to_date('01/JAN/13','DD/MON/RR'),11111112,90,'HD');
Insert into ENROLMENT (UNITCODE,SEMESTER,OFYEAR,STUDID,MARK,GRADE) values ('CMPG311',1,to_date('01/JAN/13','DD/MON/RR'),11111113,74,'D ');
Insert into ENROLMENT (UNITCODE,SEMESTER,OFYEAR,STUDID,MARK,GRADE) values ('CMPG321',1,to_date('01/JAN/13','DD/MON/RR'),11111113,72,'D ');
Insert into ENROLMENT (UNITCODE,SEMESTER,OFYEAR,STUDID,MARK,GRADE) values ('CMPG311',1,to_date('01/JAN/13','DD/MON/RR'),11111114,60,'C ');
Insert into ENROLMENT (UNITCODE,SEMESTER,OFYEAR,STUDID,MARK,GRADE) values ('CMPG321',1,to_date('01/JAN/13','DD/MON/RR'),11111114,35,'N ');
Insert into ENROLMENT (UNITCODE,SEMESTER,OFYEAR,STUDID,MARK,GRADE) values ('CMPG311',1,to_date('01/JAN/13','DD/MON/RR'),11111115,80,'HD');
Insert into ENROLMENT (UNITCODE,SEMESTER,OFYEAR,STUDID,MARK,GRADE) values ('CMPG321',2,to_date('01/JAN/13','DD/MON/RR'),11111116,65,'C ');
Insert into ENROLMENT (UNITCODE,SEMESTER,OFYEAR,STUDID,MARK,GRADE) values ('CMPG311',2,to_date('01/JAN/13','DD/MON/RR'),11111116,80,'HD');
Insert into ENROLMENT (UNITCODE,SEMESTER,OFYEAR,STUDID,MARK,GRADE) values ('CMPG321',2,to_date('01/JAN/13','DD/MON/RR'),11111114,90,'HD');
Insert into ENROLMENT (UNITCODE,SEMESTER,OFYEAR,STUDID,MARK,GRADE) values ('CMPG311',2,to_date('01/JAN/13','DD/MON/RR'),11111111,74,'D ');
Insert into ENROLMENT (UNITCODE,SEMESTER,OFYEAR,STUDID,MARK,GRADE) values ('CMPG321',2,to_date('01/JAN/13','DD/MON/RR'),11111117,null,null);
Insert into ENROLMENT (UNITCODE,SEMESTER,OFYEAR,STUDID,MARK,GRADE) values ('CMPG311',2,to_date('01/JAN/13','DD/MON/RR'),11111117,67,'C ');
Insert into ENROLMENT (UNITCODE,SEMESTER,OFYEAR,STUDID,MARK,GRADE) values ('CMPG321',2,to_date('01/JAN/13','DD/MON/RR'),11111118,55,'P ');
Insert into ENROLMENT (UNITCODE,SEMESTER,OFYEAR,STUDID,MARK,GRADE) values ('CMPG311',2,to_date('01/JAN/13','DD/MON/RR'),11111118,80,'HD');
Insert into ENROLMENT (UNITCODE,SEMESTER,OFYEAR,STUDID,MARK,GRADE) values ('CMPG321',2,to_date('01/JAN/13','DD/MON/RR'),11111119,90,'HD');
Insert into ENROLMENT (UNITCODE,SEMESTER,OFYEAR,STUDID,MARK,GRADE) values ('CMPG311',2,to_date('01/JAN/13','DD/MON/RR'),11111119,50,'P ');
Insert into ENROLMENT (UNITCODE,SEMESTER,OFYEAR,STUDID,MARK,GRADE) values ('CMPG321',2,to_date('01/JAN/13','DD/MON/RR'),11111120,65,'C ');
Insert into ENROLMENT (UNITCODE,SEMESTER,OFYEAR,STUDID,MARK,GRADE) values ('CMPG311',2,to_date('01/JAN/13','DD/MON/RR'),11111120,80,'HD');
Insert into ENROLMENT (UNITCODE,SEMESTER,OFYEAR,STUDID,MARK,GRADE) values ('CMPG321',2,to_date('01/JAN/13','DD/MON/RR'),11111112,90,'HD');
Insert into ENROLMENT (UNITCODE,SEMESTER,OFYEAR,STUDID,MARK,GRADE) values ('CMPG333',2,to_date('01/JAN/13','DD/MON/RR'),11111111,74,'D ');
Insert into ENROLMENT (UNITCODE,SEMESTER,OFYEAR,STUDID,MARK,GRADE) values ('CMPG333',2,to_date('01/JAN/13','DD/MON/RR'),11111112,72,'D ');
Insert into ENROLMENT (UNITCODE,SEMESTER,OFYEAR,STUDID,MARK,GRADE) values ('CMPG333',2,to_date('01/JAN/13','DD/MON/RR'),11111113,67,'C ');
Insert into ENROLMENT (UNITCODE,SEMESTER,OFYEAR,STUDID,MARK,GRADE) values ('CMPG333',2,to_date('01/JAN/13','DD/MON/RR'),11111115,45,'N ');
Insert into ENROLMENT (UNITCODE,SEMESTER,OFYEAR,STUDID,MARK,GRADE) values ('CMPG5132',1,to_date('01/JAN/13','DD/MON/RR'),11111121,67,'C ');
Insert into ENROLMENT (UNITCODE,SEMESTER,OFYEAR,STUDID,MARK,GRADE) values ('CMPG5132',1,to_date('01/JAN/13','DD/MON/RR'),11111122,77,'D ');
Insert into ENROLMENT (UNITCODE,SEMESTER,OFYEAR,STUDID,MARK,GRADE) values ('CMPG5132',1,to_date('01/JAN/13','DD/MON/RR'),11111123,78,'D ');
Insert into ENROLMENT (UNITCODE,SEMESTER,OFYEAR,STUDID,MARK,GRADE) values ('CMPG441',1,to_date('01/JAN/13','DD/MON/RR'),11111124,67,'C ');
Insert into ENROLMENT (UNITCODE,SEMESTER,OFYEAR,STUDID,MARK,GRADE) values ('CMPG441',1,to_date('01/JAN/13','DD/MON/RR'),11111125,77,'D ');
Insert into ENROLMENT (UNITCODE,SEMESTER,OFYEAR,STUDID,MARK,GRADE) values ('CMPG441',1,to_date('01/JAN/13','DD/MON/RR'),11111126,78,'D ');
Insert into ENROLMENT (UNITCODE,SEMESTER,OFYEAR,STUDID,MARK,GRADE) values ('CMPG441',1,to_date('01/JAN/13','DD/MON/RR'),11111127,88,'HD');
Insert into ENROLMENT (UNITCODE,SEMESTER,OFYEAR,STUDID,MARK,GRADE) values ('CMPG5132',3,to_date('01/JAN/13','DD/MON/RR'),11111128,77,'D ');
Insert into ENROLMENT (UNITCODE,SEMESTER,OFYEAR,STUDID,MARK,GRADE) values ('CMPG5132',3,to_date('01/JAN/13','DD/MON/RR'),11111129,78,'D ');
Insert into ENROLMENT (UNITCODE,SEMESTER,OFYEAR,STUDID,MARK,GRADE) values ('CMPG5132',3,to_date('01/JAN/13','DD/MON/RR'),11111130,67,'C ');
Insert into ENROLMENT (UNITCODE,SEMESTER,OFYEAR,STUDID,MARK,GRADE) values ('CMPG442',2,to_date('01/JAN/13','DD/MON/RR'),11111124,80,'HD');
Insert into ENROLMENT (UNITCODE,SEMESTER,OFYEAR,STUDID,MARK,GRADE) values ('CMPG442',2,to_date('01/JAN/13','DD/MON/RR'),11111125,67,'C ');
Insert into ENROLMENT (UNITCODE,SEMESTER,OFYEAR,STUDID,MARK,GRADE) values ('CMPG442',2,to_date('01/JAN/13','DD/MON/RR'),11111126,77,'D ');
Insert into ENROLMENT (UNITCODE,SEMESTER,OFYEAR,STUDID,MARK,GRADE) values ('CMPG442',2,to_date('01/JAN/13','DD/MON/RR'),11111127,78,'D ');
Insert into ENROLMENT (UNITCODE,SEMESTER,OFYEAR,STUDID,MARK,GRADE) values ('CMPG441',1,to_date('01/JAN/14','DD/MON/RR'),11111128,null,null);
Insert into ENROLMENT (UNITCODE,SEMESTER,OFYEAR,STUDID,MARK,GRADE) values ('CMPG441',1,to_date('01/JAN/14','DD/MON/RR'),11111129,null,null);



/* INSERT data into prerequisite table */

Insert into PREREQ (UNITCODE,HAS_PREREQ_OF) values ('CMPG333','CMPG321');
Insert into PREREQ (UNITCODE,HAS_PREREQ_OF) values ('CMPG333','CMPG311');
Insert into PREREQ (UNITCODE,HAS_PREREQ_OF) values ('CMPG441','CMPG321');
Insert into PREREQ (UNITCODE,HAS_PREREQ_OF) values ('CMPG442','CMPG441');


COMMIT;





